location_id,district,area_type,population_density_index,business_density_index,commercial_activity_index,estimated_population
LOC0001,Dhaka,Rural,58.73,62.42,73.08,10019
LOC0002,Barishal,Suburban,63.22,44.48,63.57,9793
LOC0003,Rangpur,Suburban,60.82,85.81,45.31,14350
LOC0004,Khulna,Rural,98.24,21.96,92.38,13291
LOC0005,Khulna,Suburban,120.86,36.46,54.72,20086
LOC0006,Barishal,Suburban,22.51,41.49,22.09,9331
LOC0007,Dhaka,Suburban,127.46,25.28,42.88,38309
LOC0008,Rangpur,Urban,47.68,19.88,16.05,16571
LOC0009,Chattogram,Urban,116.72,64.4,28.18,23926
LOC0010,Dhaka,Suburban,113.66,12.65,11.59,39655
LOC0011,Sylhet,Urban,77.22,17.42,50.8,22185
LOC0012,Mymensingh,Suburban,53.17,35.63,67.11,9992
LOC0013,Rangpur,Rural,65.14,69.13,40.9,11854
LOC0014,Barishal,Urban,56.35,26.5,47.83,18398
LOC0015,Rangpur,Urban,10.49,24.11,96.33,4502
LOC0016,Barishal,Urban,30.26,34.2,77.68,9863
LOC0017,Sylhet,Urban,29.49,49.4,58.68,13260
LOC0018,Chattogram,Rural,89.19,30.6,35.61,12008
LOC0019,Barishal,Suburban,54.34,74.66,90.73,8659
LOC0020,Khulna,Rural,70.93,76.61,31.16,27702
LOC0021,Sylhet,Rural,43.33,35.63,39.28,13666
LOC0022,Rajshahi,Suburban,72.91,116.89,91.82,12604
LOC0023,Chattogram,Rural,48.44,40.87,57.66,18710
LOC0024,Mymensingh,Urban,46.35,75.03,76.81,17836
LOC0025,Barishal,Urban,59.31,48.51,63.17,16881
LOC0026,Rangpur,Urban,56.34,47.92,68.81,17391
LOC0027,Khulna,Rural,185.04,10.23,36.94,34141
LOC0028,Barishal,Suburban,30.04,16.25,31.72,6383
LOC0029,Sylhet,Urban,18.39,31.74,39.02,7572
LOC0030,Khulna,Suburban,64.32,76.26,23.99,14171
LOC0031,Khulna,Urban,32.89,48.96,88.69,11745
LOC0032,Chattogram,Rural,9.45,31.94,35.49,5920
LOC0033,Dhaka,Suburban,25.62,57.81,60.53,5678
LOC0034,Sylhet,Urban,163.04,74.52,81.28,43585
LOC0035,Mymensingh,Urban,29.52,39.17,80.54,7658
LOC0036,Dhaka,Suburban,14.06,45.21,49.45,7477
LOC0037,Barishal,Urban,157.48,41.48,52.86,28734
LOC0038,Barishal,Urban,24.93,37.51,99.52,9299
LOC0039,Rajshahi,Urban,215.6,21.78,70.71,54395
LOC0040,Rangpur,Rural,42.19,20.51,83.32,11397
LOC0041,Chattogram,Rural,132.06,57.58,91.23,38577
LOC0042,Barishal,Rural,45.72,75.4,80.88,15867
LOC0043,Rangpur,Urban,68.83,31.9,26.67,19638
LOC0044,Rajshahi,Rural,49.08,31.38,60.6,17213
LOC0045,Dhaka,Rural,45.93,7.82,19.17,18885
LOC0046,Mymensingh,Rural,61.28,6.46,68.76,15551
LOC0047,Khulna,Suburban,70.26,87.45,95.98,19064
LOC0048,Mymensingh,Urban,58.57,22.87,56.15,9039
LOC0049,Rangpur,Urban,55.09,144.7,48.97,19472
LOC0050,Barishal,Rural,33.07,25.97,13.23,10608
LOC0051,Barishal,Suburban,50.22,10.54,96.38,13143
LOC0052,Chattogram,Urban,122.99,41.7,19.27,18191
LOC0053,Rajshahi,Urban,32.09,63.93,13.7,13346
LOC0054,Khulna,Suburban,62.33,59.52,32.15,15388
LOC0055,Khulna,Urban,102.46,67.95,15.9,30730
LOC0056,Dhaka,Rural,70.6,18.53,50.96,12696
LOC0057,Sylhet,Rural,89.72,86.18,56.45,33539
LOC0058,Chattogram,Rural,24.67,89.27,38.13,6567
LOC0059,Rangpur,Suburban,62.42,91.65,14.59,12355
LOC0060,Rangpur,Suburban,44.35,46.25,20.04,16958
LOC0061,Mymensingh,Suburban,45.52,30.18,44.61,17937
LOC0062,Rangpur,Suburban,117.27,28.28,15.45,20946
LOC0063,Rajshahi,Urban,45.97,10.49,72.84,12996
LOC0064,Mymensingh,Suburban,63.6,26.4,28.63,21022
LOC0065,Khulna,Urban,14.07,3.74,37.19,7496
LOC0066,Rajshahi,Suburban,131.98,9.21,45.47,28704
LOC0067,Mymensingh,Urban,86.81,45.94,47.49,22901
LOC0068,Rajshahi,Urban,51.36,32.66,10.15,17659
LOC0069,Dhaka,Urban,43.14,44.64,20.09,15199
LOC0070,Khulna,Suburban,74.72,60.89,87.65,25097
LOC0071,Barishal,Urban,101.77,50.12,10.11,27677
LOC0072,Chattogram,Rural,132.97,47.39,55.74,19774
LOC0073,Khulna,Suburban,85.2,36.74,54.06,30774
LOC0074,Chattogram,Urban,55.54,22.25,39.98,20572
LOC0075,Rangpur,Suburban,92.62,14.45,48.82,30741
LOC0076,Khulna,Urban,83.18,26.91,80.25,13394
LOC0077,Rajshahi,Rural,55.67,37.16,85.71,11411
LOC0078,Chattogram,Suburban,81.81,40.37,33.43,26389
LOC0079,Sylhet,Rural,80.94,68.04,39.02,11562
LOC0080,Rangpur,Urban,51.18,34.92,31.82,20647
LOC0081,Mymensingh,Suburban,38.13,55.41,53.19,10408
LOC0082,Khulna,Suburban,76.98,11.84,71.49,24541
LOC0083,Chattogram,Rural,26.6,46.36,30.54,11562
LOC0084,Barishal,Suburban,22.65,44.25,39.77,7499
LOC0085,Rangpur,Suburban,64.19,86.2,93.73,14540
LOC0086,Rangpur,Urban,75.79,32.68,14.37,22113
LOC0087,Dhaka,Urban,63.9,31.72,51.47,18671
LOC0088,Rajshahi,Suburban,68.03,61.16,74.04,16761
LOC0089,Barishal,Suburban,75.05,15.39,23.54,21795
LOC0090,Barishal,Urban,117.52,45.58,14.26,42233
LOC0091,Khulna,Rural,86.04,14.75,22.44,21662
LOC0092,Barishal,Rural,84.57,109.89,92.69,15616
LOC0093,Barishal,Urban,61.31,28.81,10.83,14912
LOC0094,Khulna,Suburban,62.66,13.95,26.95,15439
LOC0095,Mymensingh,Urban,48.66,26.77,12.82,9460
LOC0096,Rajshahi,Rural,66.86,45.76,19.96,12408
LOC0097,Chattogram,Urban,25.69,54.31,65.81,9965
LOC0098,Rangpur,Rural,117.82,83.45,31.75,24781
LOC0099,Rangpur,Rural,30.73,24.45,61.23,13409
LOC0100,Chattogram,Rural,85.94,62.91,63.12,16827
LOC0101,Barishal,Urban,109.58,9.22,86.45,16668
LOC0102,Chattogram,Rural,85.82,17.51,10.43,27748
LOC0103,Barishal,Urban,171.19,12.13,86.8,57825
LOC0104,Dhaka,Urban,11.01,21.29,65.72,4866
LOC0105,Barishal,Suburban,39.74,61.13,24.65,8981
LOC0106,Barishal,Urban,108.55,24.89,79.56,18896
LOC0107,Barishal,Rural,22.01,28.45,86.99,8073
LOC0108,Rangpur,Rural,31.37,46.57,32.88,9810
LOC0109,Khulna,Urban,72.35,52.86,92.69,14927
LOC0110,Rangpur,Rural,55.13,29.08,50.9,9135
LOC0111,Rajshahi,Urban,69.79,17.42,64.31,18379
LOC0112,Barishal,Suburban,57.98,99.15,98.62,22703
LOC0113,Sylhet,Urban,61.18,29.22,42.54,19098
LOC0114,Khulna,Rural,33.47,31.34,83.18,10493
LOC0115,Sylhet,Urban,60.02,34.18,38.66,10662
LOC0116,Sylhet,Urban,41.48,56.46,81.93,9765
LOC0117,Dhaka,Suburban,45.11,11.29,64.07,10835
LOC0118,Chattogram,Rural,85.27,122.58,29.47,27830
LOC0119,Chattogram,Rural,21.21,30.73,47.26,9769
LOC0120,Dhaka,Rural,7.66,57.68,38.59,5492
