location_id,district,area_type,population_density_index,business_density_index,commercial_activity_index,estimated_population,observed_days,avg_daily_transactions,total_transactions,avg_daily_value,total_transaction_value,avg_active_customers,avg_active_merchants,avg_active_agents,registered_merchants,registered_agents,avg_transactions_per_merchant,avg_transactions_per_agent,merchant_activation_ratio,agent_activation_ratio,demand_opportunity_score,merchant_coverage_pressure,agent_coverage_pressure,structural_opportunity_score,merchant_expansion_score,agent_expansion_score,location_opportunity_score,expansion_priority,recommended_expansion,recommendation_reason,recommended_action
LOC0001,Dhaka,Rural,58.73,62.42,73.08,10019,273,8.307692307692308,2268,12183.454505494507,3326083.08,8.307692307692308,6.981684981684982,4.586080586080586,52,8,1.1992548761779531,1.843724925867783,0.1342631727247112,0.5732600732600732,70.27777777777779,28.333333333333332,40.416666666666664,67.77777777777777,53.25000000000001,58.083333333333336,55.66666666666667,MEDIUM,MONITOR_CURRENT_COVERAGE,Current indicators do not show a major relative expansion gap.,Maintain current coverage and continue monitoring demand and utilization.
LOC0002,Barishal,Suburban,63.22,44.48,63.57,9793,273,6.802197802197802,1857,10372.161648351648,2831600.13,6.802197802197802,5.934065934065934,1.0,48,1,1.1513072905930049,6.802197802197802,0.12362637362637363,1.0,45.555555555555564,19.166666666666664,100.0,60.27777777777777,36.47222222222223,68.80555555555556,52.63888888888889,MEDIUM,AGENT_EXPANSION,Priority driven by high agent coverage pressure.,Review additional agent coverage to support transaction demand and service workload.
LOC0003,Rangpur,Suburban,60.82,85.81,45.31,14350,273,6.091575091575091,1663,9395.895714285714,2565079.53,6.091575091575091,5.428571428571429,3.0476190476190474,38,4,1.1202276559419417,1.9807692307692308,0.14285714285714288,0.7619047619047619,30.277777777777782,40.416666666666664,73.125,62.22222222222222,37.52777777777778,50.611111111111114,44.06944444444444,LOW,MONITOR_CURRENT_COVERAGE,Current indicators do not show a major relative expansion gap.,Maintain current coverage and continue monitoring demand and utilization.
LOC0004,Khulna,Rural,98.24,21.96,92.38,13291,273,4.912087912087912,1341,7455.186373626373,2035265.88,4.912087912087912,4.413919413919414,3.5384615384615383,39,9,1.1048754155897014,1.3925780568637711,0.11317742086972857,0.39316239316239315,7.222222222222221,33.541666666666664,9.583333333333334,66.11111111111111,23.63888888888889,14.055555555555557,18.84722222222222,LOW,MONITOR_CURRENT_COVERAGE,Current indicators do not show a major relative expansion gap.,Maintain current coverage and continue monitoring demand and utilization.
LOC0005,Khulna,Suburban,120.86,36.46,54.72,20086,273,7.417582417582418,2025,11578.49879120879,3160930.17,7.413919413919414,6.318681318681318,3.0952380952380953,41,4,1.176614787329073,2.433150183150183,0.1541141785044224,0.7738095238095238,56.388888888888886,46.041666666666664,83.125,66.1111111111111,53.22222222222223,68.05555555555556,60.63888888888889,MEDIUM,AGENT_EXPANSION,Priority driven by high agent coverage pressure.,Review additional agent coverage to support transaction demand and service workload.
LOC0006,Barishal,Suburban,22.51,41.49,22.09,9331,273,6.91941391941392,1889,10838.74142857143,2958976.41,6.91941391941392,5.864468864468864,3.5750915750915753,42,5,1.181570942285228,1.9362637362637363,0.13963021105878248,0.715018315018315,49.44444444444445,45.625,64.58333333333333,26.944444444444446,45.66666666666667,53.25,49.458333333333336,MEDIUM,MONITOR_CURRENT_COVERAGE,Current indicators do not show a major relative expansion gap.,Maintain current coverage and continue monitoring demand and utilization.
LOC0007,Dhaka,Suburban,127.46,25.28,42.88,38309,273,9.216117216117215,2516,13855.526263736263,3782558.67,9.216117216117215,7.395604395604396,4.864468864468864,49,8,1.2551640158783015,1.9037938252223965,0.15093070195111014,0.608058608058608,86.3888888888889,40.833333333333336,42.91666666666667,54.44444444444445,64.97222222222223,65.80555555555556,65.38888888888889,HIGH,MERCHANT_EXPANSION,Priority driven by high transaction demand.,Review merchant acquisition opportunities while maintaining current agent coverage.
LOC0008,Rangpur,Urban,47.68,19.88,16.05,16571,273,7.531135531135531,2056,11745.708754578756,3206578.49,7.531135531135531,6.197802197802198,4.523809523809524,39,8,1.2209979174264889,1.6681144252572824,0.15891800507185122,0.5654761904761905,58.888888888888886,62.70833333333333,30.416666666666668,21.111111111111107,56.638888888888886,43.72222222222223,50.18055555555556,MEDIUM,MONITOR_CURRENT_COVERAGE,Current indicators do not show a major relative expansion gap.,Maintain current coverage and continue monitoring demand and utilization.
LOC0009,Chattogram,Urban,116.72,64.4,28.18,23926,273,8.106227106227106,2213,12506.384029304028,3414242.84,8.106227106227106,6.3076923076923075,4.1501831501831505,49,7,1.2948962413248126,1.9815716030001744,0.12872841444270014,0.5928833071690215,68.8888888888889,45.416666666666664,53.33333333333333,64.44444444444444,59.05555555555556,62.22222222222223,60.63888888888889,MEDIUM,MONITOR_CURRENT_COVERAGE,Current indicators do not show a major relative expansion gap.,Maintain current coverage and continue monitoring demand and utilization.
LOC0010,Dhaka,Suburban,113.66,12.65,11.59,39655,273,6.934065934065934,1893,11204.048424908426,3058705.22,6.934065934065934,6.0256410256410255,1.8681318681318682,42,2,1.1611134896849182,3.782051282051282,0.14346764346764346,0.9340659340659341,51.666666666666664,37.29166666666667,97.91666666666666,33.88888888888889,44.138888888888886,68.38888888888889,56.263888888888886,MEDIUM,AGENT_EXPANSION,Priority driven by high agent coverage pressure.,Review additional agent coverage to support transaction demand and service workload.
LOC0011,Sylhet,Urban,77.22,17.42,50.8,22185,273,8.857142857142858,2418,13512.843846153846,3689006.37,8.857142857142858,6.1611721611721615,3.816849816849817,46,5,1.4687750080607225,2.3542735042735043,0.13393852524287309,0.7633699633699634,83.05555555555556,60.625,76.66666666666667,46.25,70.40277777777777,76.81944444444446,73.61111111111111,HIGH,MERCHANT_AND_AGENT_EXPANSION,"Priority driven by high transaction demand, high agent coverage pressure.",Review this location for both merchant acquisition and additional agent coverage.
LOC0012,Mymensingh,Suburban,53.17,35.63,67.11,9992,273,9.347985347985349,2552,14665.640952380953,4003719.98,9.347985347985349,7.410256410256411,5.274725274725275,36,10,1.260230723692262,1.7829408686551544,0.20584045584045585,0.5274725274725275,88.05555555555554,77.91666666666667,28.333333333333332,52.63888888888889,80.45833333333333,60.625,70.54166666666666,HIGH,MERCHANT_EXPANSION,"Priority driven by high transaction demand, high merchant coverage pressure.",Review merchant acquisition opportunities while maintaining current agent coverage.
LOC0013,Rangpur,Rural,65.14,69.13,40.9,11854,272,5.367647058823529,1460,8103.721470588236,2204212.24,5.367647058823529,4.794117647058823,3.7463235294117645,46,12,1.1295026154401153,1.4512780112044816,0.10421994884910486,0.3121936274509804,13.333333333333334,21.041666666666664,5.625,62.22222222222223,21.305555555555557,15.138888888888891,18.222222222222225,LOW,MONITOR_CURRENT_COVERAGE,Current indicators do not show a major relative expansion gap.,Maintain current coverage and continue monitoring demand and utilization.
LOC0014,Barishal,Urban,56.35,26.5,47.83,18398,273,5.8791208791208796,1605,8980.630805860807,2451712.21,5.8791208791208796,5.238095238095238,3.4249084249084247,41,5,1.1204228311371167,1.736019536019536,0.12775842044134728,0.684981684981685,25.833333333333332,33.125,54.16666666666667,40.833333333333336,30.25,38.66666666666667,34.458333333333336,LOW,MONITOR_CURRENT_COVERAGE,Current indicators do not show a major relative expansion gap.,Maintain current coverage and continue monitoring demand and utilization.
LOC0015,Rangpur,Urban,10.49,24.11,96.33,4502,273,5.501831501831502,1502,9035.041758241758,2466566.4,5.501831501831502,4.747252747252747,3.1575091575091574,33,5,1.1776194704766134,1.783211233211233,0.14385614385614387,0.6315018315018315,19.166666666666664,65.0,59.16666666666667,41.38888888888889,39.722222222222214,37.388888888888886,38.55555555555555,LOW,MONITOR_CURRENT_COVERAGE,Current indicators do not show a major relative expansion gap.,Maintain current coverage and continue monitoring demand and utilization.
LOC0016,Barishal,Urban,30.26,34.2,77.68,9863,273,5.743589743589744,1568,9388.833003663005,2563151.41,5.743589743589744,4.989010989010989,3.4871794871794872,41,8,1.1495639281353567,1.662018140589569,0.12168319485392656,0.4358974358974359,25.555555555555554,38.541666666666664,29.583333333333336,46.944444444444436,32.888888888888886,29.305555555555557,31.09722222222222,LOW,MONITOR_CURRENT_COVERAGE,Current indicators do not show a major relative expansion gap.,Maintain current coverage and continue monitoring demand and utilization.
LOC0017,Sylhet,Urban,29.49,49.4,58.68,13260,272,7.893382352941177,2147,13047.45080882353,3548906.62,7.889705882352941,6.507352941176471,4.735294117647059,49,8,1.222853606769048,1.6870885854341735,0.1328031212484994,0.5919117647058824,68.05555555555556,36.666666666666664,31.666666666666664,48.333333333333336,53.52777777777778,51.52777777777778,52.52777777777778,MEDIUM,MONITOR_CURRENT_COVERAGE,Current indicators do not show a major relative expansion gap.,Maintain current coverage and continue monitoring demand and utilization.
LOC0018,Chattogram,Rural,89.19,30.6,35.61,12008,273,9.652014652014651,2635,15632.964835164836,4267799.4,9.648351648351648,7.183150183150183,4.450549450549451,48,6,1.3523711534700547,2.185775335775336,0.14964896214896214,0.7417582417582418,91.94444444444444,51.666666666666664,67.29166666666666,50.0,71.63888888888889,77.88888888888889,74.76388888888889,CRITICAL,MERCHANT_AND_AGENT_EXPANSION,Priority driven by high transaction demand.,Review this location for both merchant acquisition and additional agent coverage.
LOC0019,Barishal,Suburban,54.34,74.66,90.73,8659,272,6.257352941176471,1702,9564.820919117647,2601631.29,6.257352941176471,5.169117647058823,3.7941176470588234,31,8,1.2204725319615026,1.667064950980392,0.16674573055028463,0.4742647058823529,35.27777777777778,77.91666666666666,30.0,72.5,56.05555555555556,36.888888888888886,46.47222222222222,LOW,MONITOR_CURRENT_COVERAGE,Priority driven by high merchant coverage pressure.,Maintain current coverage and continue monitoring demand and utilization.
LOC0020,Khulna,Rural,70.93,76.61,31.16,27702,273,7.278388278388278,1987,10674.057032967032,2914017.57,7.278388278388278,6.135531135531136,4.285714285714286,47,9,1.1924975817832961,1.6957657421943138,0.13054321564959864,0.47619047619047616,52.5,32.708333333333336,26.25,60.55555555555555,45.38888888888889,42.80555555555556,44.09722222222223,LOW,MONITOR_CURRENT_COVERAGE,Current indicators do not show a major relative expansion gap.,Maintain current coverage and continue monitoring demand and utilization.
LOC0021,Sylhet,Rural,43.33,35.63,39.28,13666,271,4.8118081180811805,1304,7745.278376383763,2098970.44,4.8118081180811805,4.118081180811808,3.022140221402214,27,7,1.1780662449481636,1.6215340010542962,0.15252152521525217,0.43173431734317347,6.111111111111111,69.375,33.75,37.916666666666664,34.59722222222222,20.347222222222225,27.47222222222222,LOW,MONITOR_CURRENT_COVERAGE,Current indicators do not show a major relative expansion gap.,Maintain current coverage and continue monitoring demand and utilization.
LOC0022,Rajshahi,Suburban,72.91,116.89,91.82,12604,273,12.824175824175825,3501,20222.389047619046,5520712.21,12.824175824175825,8.505494505494505,6.406593406593407,47,13,1.544647709660638,2.041679748822606,0.18096796820201075,0.4928148774302621,96.66666666666667,58.54166666666667,35.0,86.1111111111111,80.36111111111111,70.94444444444444,75.65277777777777,CRITICAL,MERCHANT_AND_AGENT_EXPANSION,"Priority driven by high transaction demand, strong structural market indicators.",Review this location for both merchant acquisition and additional agent coverage.
LOC0023,Chattogram,Rural,48.44,40.87,57.66,18710,271,5.132841328413284,1391,7856.86811808118,2129211.26,5.132841328413284,4.4944649446494465,2.7785977859778597,33,4,1.1481272929612414,1.8548585485854858,0.1361959074136196,0.6946494464944649,9.722222222222223,56.25,68.125,49.72222222222222,32.333333333333336,37.083333333333336,34.708333333333336,LOW,MONITOR_CURRENT_COVERAGE,Current indicators do not show a major relative expansion gap.,Maintain current coverage and continue monitoring demand and utilization.
LOC0024,Mymensingh,Urban,46.35,75.03,76.81,17836,273,6.135531135531136,1675,9029.153443223444,2464958.89,6.135531135531136,5.542124542124542,3.6117216117216118,41,6,1.1093641807927523,1.7393772893772894,0.13517376932011077,0.6019536019536019,28.888888888888886,30.624999999999996,47.70833333333333,65.83333333333333,33.27777777777778,40.11111111111111,36.69444444444444,LOW,MONITOR_CURRENT_COVERAGE,Current indicators do not show a major relative expansion gap.,Maintain current coverage and continue monitoring demand and utilization.
LOC0025,Barishal,Urban,59.31,48.51,63.17,16881,273,9.435897435897436,2576,15008.339963369963,4097276.81,9.435897435897436,7.681318681318682,4.534798534798535,44,6,1.2332458140150446,2.092918192918193,0.17457542457542458,0.7557997557997558,90.27777777777777,51.66666666666667,64.375,60.555555555555564,71.86111111111111,76.94444444444444,74.40277777777777,HIGH,MERCHANT_AND_AGENT_EXPANSION,Priority driven by high transaction demand.,Review this location for both merchant acquisition and additional agent coverage.
LOC0026,Rangpur,Urban,56.34,47.92,68.81,17391,272,5.974264705882353,1625,9459.371102941177,2572948.94,5.974264705882353,5.345588235294118,4.025735294117647,46,9,1.1196082410236823,1.4885372899159663,0.11620843989769822,0.4473039215686274,29.722222222222218,18.541666666666664,14.166666666666668,61.11111111111111,28.388888888888886,26.63888888888889,27.513888888888886,LOW,MONITOR_CURRENT_COVERAGE,Current indicators do not show a major relative expansion gap.,Maintain current coverage and continue monitoring demand and utilization.
LOC0027,Khulna,Rural,185.04,10.23,36.94,34141,273,6.468864468864469,1766,9886.575934065933,2699035.23,6.468864468864469,5.428571428571429,3.2967032967032965,37,7,1.207602714745572,2.0796092796092798,0.14671814671814673,0.47095761381475665,39.166666666666664,65.0,56.66666666666667,45.833333333333336,50.166666666666664,46.833333333333336,48.5,LOW,MONITOR_CURRENT_COVERAGE,Current indicators do not show a major relative expansion gap.,Maintain current coverage and continue monitoring demand and utilization.
LOC0028,Barishal,Suburban,30.04,16.25,31.72,6383,272,8.055147058823529,2191,12044.923455882354,3276219.18,8.055147058823529,6.5,2.661764705882353,48,3,1.2597211611917494,3.0643382352941178,0.13541666666666666,0.8872549019607843,66.1111111111111,44.166666666666664,92.91666666666666,18.88888888888889,52.6111111111111,72.1111111111111,62.3611111111111,MEDIUM,AGENT_EXPANSION,Priority driven by high agent coverage pressure.,Review additional agent coverage to support transaction demand and service workload.
LOC0029,Sylhet,Urban,18.39,31.74,39.02,7572,273,6.4322344322344325,1756,9217.882637362638,2516481.96,6.4322344322344325,5.556776556776557,2.5384615384615383,45,3,1.1558869701726846,2.5738705738705736,0.12348392348392348,0.8461538461538461,34.72222222222223,29.375,90.83333333333333,28.194444444444446,31.930555555555557,56.51388888888889,44.22222222222223,LOW,MONITOR_CURRENT_COVERAGE,Priority driven by high agent coverage pressure.,Maintain current coverage and continue monitoring demand and utilization.
LOC0030,Khulna,Suburban,64.32,76.26,23.99,14171,271,4.88929889298893,1325,8300.976494464945,2249564.63,4.88929889298893,4.3357933579335795,3.4132841328413286,38,8,1.1360422889943185,1.4437972236865226,0.11409982520877841,0.4266605166051661,9.444444444444445,43.75,17.5,55.833333333333336,27.805555555555557,17.305555555555557,22.555555555555557,LOW,MONITOR_CURRENT_COVERAGE,Current indicators do not show a major relative expansion gap.,Maintain current coverage and continue monitoring demand and utilization.
LOC0031,Khulna,Urban,32.89,48.96,88.69,11745,273,9.007326007326007,2459,14695.576373626374,4011892.35,9.007326007326007,5.9523809523809526,4.388278388278389,39,7,1.5341437662866233,2.089839525553811,0.15262515262515264,0.6268969126111984,86.38888888888887,79.79166666666667,57.08333333333334,59.444444444444436,81.05555555555556,71.97222222222221,76.51388888888889,CRITICAL,MERCHANT_AND_AGENT_EXPANSION,"Priority driven by high transaction demand, high merchant coverage pressure.",Review this location for both merchant acquisition and additional agent coverage.
LOC0032,Chattogram,Rural,9.45,31.94,35.49,5920,273,5.586080586080586,1525,8536.780146520146,2330540.98,5.586080586080586,4.252747252747253,2.956043956043956,37,5,1.3743967672539101,1.9537240537240537,0.11493911493911493,0.5912087912087912,18.333333333333332,83.75,65.83333333333334,25.277777777777775,45.19444444444444,38.027777777777786,41.611111111111114,LOW,MONITOR_CURRENT_COVERAGE,Priority driven by high merchant coverage pressure.,Maintain current coverage and continue monitoring demand and utilization.
LOC0033,Dhaka,Suburban,25.62,57.81,60.53,5678,273,8.139194139194139,2222,12457.799194139196,3400979.18,8.139194139194139,6.014652014652015,3.358974358974359,38,5,1.3738012292957347,2.4639804639804637,0.158280316175053,0.6717948717948719,69.72222222222223,80.41666666666666,77.5,50.0,72.02777777777777,70.86111111111111,71.44444444444444,HIGH,MERCHANT_AND_AGENT_EXPANSION,"Priority driven by high merchant coverage pressure, high agent coverage pressure.",Review this location for both merchant acquisition and additional agent coverage.
LOC0034,Sylhet,Urban,163.04,74.52,81.28,43585,273,8.531135531135531,2329,13081.89435897436,3571357.16,8.531135531135531,7.197802197802198,4.831501831501831,51,8,1.194215156028343,1.783791208791209,0.14113337642749407,0.6039377289377289,80.55555555555556,27.5,38.75,88.6111111111111,60.138888888888886,64.63888888888889,62.388888888888886,MEDIUM,MONITOR_CURRENT_COVERAGE,"Priority driven by high transaction demand, strong structural market indicators.",Maintain current coverage and continue monitoring demand and utilization.
LOC0035,Mymensingh,Urban,29.52,39.17,80.54,7658,273,7.142857142857143,1950,10848.387985347985,2961609.92,7.142857142857143,5.681318681318682,4.681318681318682,36,12,1.264072435501007,1.5304508983080412,0.1578144078144078,0.3901098901098901,52.5,78.33333333333334,10.208333333333334,49.444444444444436,62.527777777777786,35.27777777777778,48.902777777777786,LOW,MONITOR_CURRENT_COVERAGE,Priority driven by high merchant coverage pressure.,Maintain current coverage and continue monitoring demand and utilization.
LOC0036,Dhaka,Suburban,14.06,45.21,49.45,7477,273,6.410256410256411,1750,9727.753736263736,2655676.77,6.410256410256411,5.282051282051282,3.1538461538461537,36,4,1.2191106512535084,2.038766788766789,0.1467236467236467,0.7884615384615384,37.5,70.41666666666667,74.79166666666666,38.333333333333336,50.75000000000001,52.5,51.625,MEDIUM,MONITOR_CURRENT_COVERAGE,Current indicators do not show a major relative expansion gap.,Maintain current coverage and continue monitoring demand and utilization.
LOC0037,Barishal,Urban,157.48,41.48,52.86,28734,272,5.466911764705882,1487,8387.513786764706,2281403.75,5.466911764705882,4.665441176470588,3.875,33,9,1.1737263655462185,1.404481792717087,0.14137700534759357,0.4305555555555556,15.833333333333334,63.33333333333333,10.0,68.8888888888889,40.13888888888889,18.805555555555557,29.472222222222225,LOW,MONITOR_CURRENT_COVERAGE,Current indicators do not show a major relative expansion gap.,Maintain current coverage and continue monitoring demand and utilization.
LOC0038,Barishal,Urban,24.93,37.51,99.52,9299,273,6.663003663003663,1819,10559.440695970696,2882727.31,6.655677655677656,4.380952380952381,2.2673992673992673,36,3,1.6083144368858655,3.0927960927960925,0.1216931216931217,0.7557997557997558,43.333333333333336,89.58333333333334,93.33333333333333,54.166666666666664,62.916666666666664,64.41666666666667,63.66666666666667,MEDIUM,MERCHANT_EXPANSION,"Priority driven by high merchant coverage pressure, high agent coverage pressure.",Review merchant acquisition opportunities while maintaining current agent coverage.
LOC0039,Rajshahi,Urban,215.6,21.78,70.71,54395,273,7.831501831501831,2138,12244.620293040292,3342781.34,7.831501831501831,6.52014652014652,5.443223443223443,44,13,1.2102069379541907,1.4421652421652422,0.1481851481851482,0.4187094956325726,64.16666666666667,47.083333333333336,3.333333333333333,64.72222222222223,57.38888888888889,39.88888888888889,48.63888888888889,LOW,MONITOR_CURRENT_COVERAGE,Current indicators do not show a major relative expansion gap.,Maintain current coverage and continue monitoring demand and utilization.
LOC0040,Rangpur,Rural,42.19,20.51,83.32,11397,273,5.373626373626373,1467,8367.568424908426,2284346.18,5.373626373626373,4.4322344322344325,3.7472527472527473,39,9,1.239292982150125,1.440964590964591,0.1136470367239598,0.4163614163614164,15.0,65.20833333333333,10.416666666666666,43.055555555555564,37.888888888888886,15.972222222222225,26.930555555555557,LOW,MONITOR_CURRENT_COVERAGE,Current indicators do not show a major relative expansion gap.,Maintain current coverage and continue monitoring demand and utilization.
LOC0041,Chattogram,Rural,132.06,57.58,91.23,38577,271,5.660516605166052,1534,8560.504132841328,2319896.62,5.660516605166052,4.745387453874539,3.4206642066420665,34,7,1.210491845178192,1.691082410824108,0.1395702192316041,0.48866631523458093,20.277777777777782,72.5,38.75,86.94444444444446,47.83333333333334,34.33333333333334,41.08333333333334,LOW,MONITOR_CURRENT_COVERAGE,Priority driven by strong structural market indicators.,Maintain current coverage and continue monitoring demand and utilization.
LOC0042,Barishal,Rural,45.72,75.4,80.88,15867,272,7.481617647058823,2035,12333.173897058823,3354623.3,7.481617647058823,5.819852941176471,4.088235294117647,45,8,1.3054328637049226,1.8662902661064424,0.12933006535947714,0.5110294117647058,60.833333333333336,57.708333333333336,41.66666666666667,66.66666666666667,60.16666666666667,53.75,56.958333333333336,MEDIUM,MONITOR_CURRENT_COVERAGE,Current indicators do not show a major relative expansion gap.,Maintain current coverage and continue monitoring demand and utilization.
LOC0043,Rangpur,Urban,68.83,31.9,26.67,19638,272,5.672794117647059,1543,9083.145073529411,2470615.46,5.672794117647059,4.650735294117647,2.7830882352941178,36,4,1.2201103736949326,2.066482843137255,0.12918709150326796,0.6957720588235294,23.333333333333332,70.83333333333334,76.04166666666666,41.666666666666664,44.16666666666667,46.24999999999999,45.20833333333333,LOW,MONITOR_CURRENT_COVERAGE,Priority driven by high agent coverage pressure.,Maintain current coverage and continue monitoring demand and utilization.
LOC0044,Rajshahi,Rural,49.08,31.38,60.6,17213,273,11.227106227106226,3065,17919.537582417583,4892033.76,11.227106227106226,8.084249084249084,5.728937728937729,46,10,1.422279241922099,1.9955840455840457,0.1757445453097627,0.5728937728937729,94.16666666666667,60.20833333333333,37.5,46.11111111111111,75.77777777777779,66.69444444444444,71.23611111111111,HIGH,MERCHANT_EXPANSION,Priority driven by high transaction demand.,Review merchant acquisition opportunities while maintaining current agent coverage.
LOC0045,Dhaka,Rural,45.93,7.82,19.17,18885,273,7.772893772893773,2122,12190.384139194139,3327974.87,7.772893772893773,6.501831501831502,5.0476190476190474,43,9,1.1994866244866245,1.5410300017442873,0.1512053837635233,0.5608465608465608,62.22222222222223,46.66666666666667,16.666666666666664,15.277777777777779,51.305555555555564,39.30555555555556,45.30555555555556,LOW,MONITOR_CURRENT_COVERAGE,Current indicators do not show a major relative expansion gap.,Maintain current coverage and continue monitoring demand and utilization.
LOC0046,Mymensingh,Rural,61.28,6.46,68.76,15551,273,14.15018315018315,3863,21885.282161172163,5974682.03,14.15018315018315,7.871794871794871,3.1245421245421245,42,4,1.8478298868408758,4.739316239316239,0.18742368742368742,0.7811355311355311,97.5,73.95833333333334,91.45833333333334,41.666666666666664,82.50000000000001,89.50000000000001,86.00000000000001,CRITICAL,MERCHANT_AND_AGENT_EXPANSION,"Priority driven by high transaction demand, high agent coverage pressure.",Review this location for both merchant acquisition and additional agent coverage.
LOC0047,Khulna,Suburban,70.26,87.45,95.98,19064,272,6.786764705882353,1846,10617.617242647058,2887991.89,6.786764705882353,5.904411764705882,3.9080882352941178,36,7,1.1489922863084627,1.7419992997198879,0.16401143790849673,0.5582983193277311,46.666666666666664,51.66666666666667,41.25,85.0,52.5,48.33333333333333,50.416666666666664,MEDIUM,MONITOR_CURRENT_COVERAGE,Priority driven by strong structural market indicators.,Maintain current coverage and continue monitoring demand and utilization.
LOC0048,Mymensingh,Urban,58.57,22.87,56.15,9039,272,5.029411764705882,1368,7989.3296691176465,2173097.67,5.025735294117647,4.422794117647059,3.7941176470588234,33,11,1.1333391690009338,1.329486169467787,0.134024064171123,0.3449197860962567,10.0,53.74999999999999,4.375,43.05555555555555,30.805555555555557,11.055555555555555,20.930555555555557,LOW,MONITOR_CURRENT_COVERAGE,Current indicators do not show a major relative expansion gap.,Maintain current coverage and continue monitoring demand and utilization.
LOC0049,Rangpur,Urban,55.09,144.7,48.97,19472,273,8.267399267399268,2257,13128.753516483517,3584149.71,8.263736263736265,6.648351648351649,5.205128205128205,47,11,1.2546234189091332,1.6134644456073028,0.14145429039046062,0.4731934731934732,74.72222222222221,45.208333333333336,15.625,63.611111111111114,61.80555555555556,49.97222222222222,55.888888888888886,MEDIUM,MONITOR_CURRENT_COVERAGE,Current indicators do not show a major relative expansion gap.,Maintain current coverage and continue monitoring demand and utilization.
LOC0050,Barishal,Rural,33.07,25.97,13.23,10608,273,6.212454212454213,1696,9543.234505494505,2605303.02,6.212454212454213,5.329670329670329,4.304029304029304,34,9,1.172017400588829,1.4604918890633176,0.15675500969618616,0.47822547822547823,33.888888888888886,60.0,12.5,18.05555555555556,42.75,23.75,33.25,LOW,MONITOR_CURRENT_COVERAGE,Current indicators do not show a major relative expansion gap.,Maintain current coverage and continue monitoring demand and utilization.
LOC0051,Barishal,Suburban,50.22,10.54,96.38,13143,272,5.617647058823529,1528,8845.181433823529,2405889.35,5.613970588235294,4.613970588235294,3.6580882352941178,34,8,1.2325746965452848,1.5528799019607842,0.13570501730103807,0.4572610294117647,20.833333333333336,76.25,23.333333333333332,47.22222222222222,45.63888888888889,24.47222222222222,35.05555555555556,LOW,MONITOR_CURRENT_COVERAGE,Priority driven by high merchant coverage pressure.,Maintain current coverage and continue monitoring demand and utilization.
LOC0052,Chattogram,Urban,122.99,41.7,19.27,18191,273,8.402930402930403,2294,12909.80087912088,3524375.64,8.402930402930403,7.106227106227106,1.9413919413919414,44,2,1.1802333299586045,4.344322344322344,0.1615051615051615,0.9706959706959707,74.44444444444444,40.0,98.33333333333333,54.166666666666664,58.638888888888886,81.97222222222223,70.30555555555556,HIGH,AGENT_EXPANSION,Priority driven by high agent coverage pressure.,Review additional agent coverage to support transaction demand and service workload.
LOC0053,Rajshahi,Urban,32.09,63.93,13.7,13346,272,6.599264705882353,1795,11106.41275735294,3020944.27,6.595588235294118,5.654411764705882,4.172794117647059,48,7,1.1715936942959002,1.5858718487394956,0.11780024509803921,0.5961134453781513,45.833333333333336,22.5,31.666666666666668,35.833333333333336,35.5,39.16666666666667,37.333333333333336,LOW,MONITOR_CURRENT_COVERAGE,Current indicators do not show a major relative expansion gap.,Maintain current coverage and continue monitoring demand and utilization.
LOC0054,Khulna,Suburban,62.33,59.52,32.15,15388,272,6.838235294117647,1860,10924.785073529412,2971541.54,6.838235294117647,4.455882352941177,3.286764705882353,27,6,1.612377450980392,2.146875,0.1650326797385621,0.5477941176470588,49.72222222222222,98.54166666666666,66.04166666666666,53.05555555555555,69.58333333333333,56.58333333333333,63.08333333333333,MEDIUM,MERCHANT_EXPANSION,Priority driven by high merchant coverage pressure.,Review merchant acquisition opportunities while maintaining current agent coverage.
LOC0055,Khulna,Urban,102.46,67.95,15.9,30730,273,6.593406593406593,1800,10870.322527472526,2967598.05,6.589743589743589,5.329670329670329,4.391941391941392,37,12,1.2508623651480795,1.5248299319727892,0.14404514404514404,0.365995115995116,44.44444444444445,72.08333333333333,9.791666666666666,59.72222222222223,57.02777777777778,32.111111111111114,44.56944444444444,LOW,MONITOR_CURRENT_COVERAGE,Current indicators do not show a major relative expansion gap.,Maintain current coverage and continue monitoring demand and utilization.
LOC0056,Dhaka,Rural,70.6,18.53,50.96,12696,271,6.686346863468635,1812,10717.98929889299,2904575.1,6.686346863468635,5.760147601476015,4.608856088560886,47,10,1.1689372640479652,1.4644218942189422,0.12255633194629818,0.4608856088560886,45.27777777777777,24.791666666666668,9.583333333333332,45.27777777777778,37.083333333333336,30.999999999999996,34.041666666666664,LOW,MONITOR_CURRENT_COVERAGE,Current indicators do not show a major relative expansion gap.,Maintain current coverage and continue monitoring demand and utilization.
LOC0057,Sylhet,Rural,89.72,86.18,56.45,33539,273,8.472527472527473,2313,12937.750952380951,3532006.01,8.472527472527473,6.706959706959707,4.747252747252747,36,8,1.2668452731639546,1.793301936159079,0.1863044363044363,0.5934065934065934,77.77777777777779,78.75,39.58333333333333,78.05555555555556,78.19444444444444,62.527777777777786,70.36111111111111,HIGH,MERCHANT_EXPANSION,"Priority driven by high transaction demand, high merchant coverage pressure, strong structural market indicators.",Review merchant acquisition opportunities while maintaining current agent coverage.
LOC0058,Chattogram,Rural,24.67,89.27,38.13,6567,273,9.648351648351648,2634,14934.750329670329,4077186.84,9.644688644688644,8.172161172161172,3.600732600732601,55,4,1.1826514856734638,2.6724664224664227,0.14858474858474857,0.9001831501831502,90.55555555555554,23.333333333333336,86.45833333333334,46.666666666666664,59.27777777777777,84.52777777777779,71.90277777777777,HIGH,AGENT_EXPANSION,"Priority driven by high transaction demand, high agent coverage pressure.",Review additional agent coverage to support transaction demand and service workload.
LOC0059,Rangpur,Suburban,62.42,91.65,14.59,12355,273,8.67032967032967,2367,14025.73783882784,3829026.43,8.67032967032967,6.9010989010989015,3.47985347985348,45,4,1.2571702107416394,2.516178266178266,0.15335775335775337,0.86996336996337,84.16666666666667,53.125,85.625,53.05555555555555,68.63888888888889,81.6388888888889,75.13888888888889,CRITICAL,MERCHANT_AND_AGENT_EXPANSION,"Priority driven by high transaction demand, high agent coverage pressure.",Review this location for both merchant acquisition and additional agent coverage.
LOC0060,Rangpur,Suburban,44.35,46.25,20.04,16958,273,7.794871794871795,2128,12387.042197802199,3381662.52,7.794871794871795,6.684981684981685,2.728937728937729,46,3,1.1721024650969705,2.860805860805861,0.14532568880394967,0.9096459096459096,64.30555555555554,29.791666666666664,91.66666666666666,35.27777777777778,47.597222222222214,72.3472222222222,59.97222222222221,MEDIUM,AGENT_EXPANSION,Priority driven by high agent coverage pressure.,Review additional agent coverage to support transaction demand and service workload.
LOC0061,Mymensingh,Suburban,45.52,30.18,44.61,17937,273,6.956043956043956,1899,11080.451428571429,3024963.24,6.956043956043956,6.1501831501831505,3.1575091575091574,50,4,1.1335097442240298,2.236874236874237,0.12300366300366301,0.7893772893772893,51.666666666666664,12.916666666666664,81.45833333333333,36.388888888888886,34.638888888888886,62.05555555555556,48.34722222222222,LOW,MONITOR_CURRENT_COVERAGE,Priority driven by high agent coverage pressure.,Maintain current coverage and continue monitoring demand and utilization.
LOC0062,Rangpur,Suburban,117.27,28.28,15.45,20946,272,5.507352941176471,1498,8941.462610294118,2432077.83,5.507352941176471,4.930147058823529,2.485294117647059,44,3,1.1235410830999066,2.2285539215686274,0.11204879679144385,0.8284313725490197,18.88888888888889,25.833333333333336,85.83333333333333,43.611111111111114,24.13888888888889,48.13888888888889,36.13888888888889,LOW,MONITOR_CURRENT_COVERAGE,Priority driven by high agent coverage pressure.,Maintain current coverage and continue monitoring demand and utilization.
LOC0063,Rajshahi,Urban,45.97,10.49,72.84,12996,273,8.036630036630036,2194,13064.277435897437,3566547.74,8.036630036630036,5.978021978021978,3.791208791208791,32,6,1.354908054908055,2.1493894993894993,0.18681318681318682,0.6318681318681318,70.0,91.66666666666667,66.45833333333333,37.5,75.41666666666667,65.33333333333333,70.375,HIGH,MERCHANT_EXPANSION,Priority driven by high merchant coverage pressure.,Review merchant acquisition opportunities while maintaining current agent coverage.
LOC0064,Mymensingh,Suburban,63.6,26.4,28.63,21022,272,6.698529411764706,1822,11293.943970588234,3071952.76,6.698529411764706,5.772058823529412,4.643382352941177,43,14,1.1687385939224175,1.452906162464986,0.13423392612859097,0.3316701680672269,48.05555555555555,35.833333333333336,3.75,36.11111111111111,41.97222222222223,29.138888888888886,35.55555555555556,LOW,MONITOR_CURRENT_COVERAGE,Current indicators do not show a major relative expansion gap.,Maintain current coverage and continue monitoring demand and utilization.
LOC0065,Khulna,Urban,14.07,3.74,37.19,7496,273,8.472527472527473,2313,13978.511245421245,3816133.57,8.472527472527473,6.454212454212454,4.197802197802198,40,6,1.3327862816873806,2.04004884004884,0.16135531135531136,0.6996336996336997,81.94444444444446,72.29166666666667,61.87499999999999,13.333333333333334,71.22222222222223,67.05555555555556,69.13888888888889,HIGH,MERCHANT_AND_AGENT_EXPANSION,Priority driven by high transaction demand.,Review this location for both merchant acquisition and additional agent coverage.
LOC0066,Rajshahi,Suburban,131.98,9.21,45.47,28704,273,17.494505494505493,4776,27922.809413919415,7622926.97,17.494505494505493,8.534798534798535,4.794871794871795,48,6,2.114681321096964,3.7233211233211234,0.17780830280830281,0.7991452991452991,100.0,57.5,76.875,47.77777777777777,77.77777777777777,85.52777777777777,81.65277777777777,CRITICAL,MERCHANT_AND_AGENT_EXPANSION,"Priority driven by high transaction demand, high agent coverage pressure.",Review this location for both merchant acquisition and additional agent coverage.
LOC0067,Mymensingh,Urban,86.81,45.94,47.49,22901,273,6.205128205128205,1694,9584.250915750916,2616500.5,6.205128205128205,5.3076923076923075,3.7435897435897436,40,8,1.1777313955885385,1.6735304378161522,0.1326923076923077,0.46794871794871795,33.61111111111111,49.375,31.25,63.333333333333336,42.88888888888889,35.638888888888886,39.263888888888886,LOW,MONITOR_CURRENT_COVERAGE,Current indicators do not show a major relative expansion gap.,Maintain current coverage and continue monitoring demand and utilization.
LOC0068,Rajshahi,Urban,51.36,32.66,10.15,17659,273,6.483516483516484,1770,10585.825897435898,2889930.47,6.483516483516484,5.413919413919414,3.4542124542124544,41,6,1.205342144627859,1.9123931623931625,0.13204681497364426,0.5757020757020758,41.388888888888886,53.95833333333333,56.875,27.777777777777782,45.05555555555555,46.22222222222222,45.638888888888886,LOW,MONITOR_CURRENT_COVERAGE,Current indicators do not show a major relative expansion gap.,Maintain current coverage and continue monitoring demand and utilization.
LOC0069,Dhaka,Urban,43.14,44.64,20.09,15199,273,4.827838827838828,1318,7962.9140659340665,2173875.54,4.827838827838828,4.285714285714286,2.5274725274725274,37,4,1.1228908657480088,1.9786324786324785,0.11583011583011582,0.6318681318681318,7.777777777777779,44.166666666666664,72.70833333333334,33.61111111111111,24.916666666666668,36.33333333333334,30.625000000000007,LOW,MONITOR_CURRENT_COVERAGE,Current indicators do not show a major relative expansion gap.,Maintain current coverage and continue monitoring demand and utilization.
LOC0070,Khulna,Suburban,74.72,60.89,87.65,25097,273,5.029304029304029,1373,7939.877362637363,2167586.52,5.029304029304029,3.9084249084249083,2.970695970695971,36,5,1.3218719111576254,1.7087301587301589,0.10856735856735857,0.5941391941391941,9.444444444444445,82.91666666666667,53.75,78.33333333333333,45.72222222222223,34.05555555555556,39.88888888888889,LOW,MONITOR_CURRENT_COVERAGE,"Priority driven by high merchant coverage pressure, strong structural market indicators.",Maintain current coverage and continue monitoring demand and utilization.
LOC0071,Barishal,Urban,101.77,50.12,10.11,27677,273,7.897435897435898,2156,12945.583296703298,3534144.24,7.897435897435898,6.516483516483516,4.941391941391942,40,10,1.214534671677529,1.6069335426478284,0.16291208791208792,0.49413919413919416,68.33333333333333,58.541666666666664,16.666666666666668,51.66666666666668,62.75,46.0,54.375,MEDIUM,MERCHANT_EXPANSION,Current indicators do not show a major relative expansion gap.,Review merchant acquisition opportunities while maintaining current agent coverage.
LOC0072,Chattogram,Rural,132.97,47.39,55.74,19774,273,9.113553113553113,2488,14409.222014652014,3933717.61,9.113553113553113,6.695970695970696,2.5934065934065935,43,3,1.4017064945636373,3.596459096459096,0.15572024874350457,0.8644688644688645,86.66666666666667,67.91666666666667,94.16666666666666,73.33333333333334,77.83333333333333,88.33333333333333,83.08333333333333,CRITICAL,MERCHANT_AND_AGENT_EXPANSION,"Priority driven by high transaction demand, high agent coverage pressure.",Review this location for both merchant acquisition and additional agent coverage.
LOC0073,Khulna,Suburban,85.2,36.74,54.06,30774,273,7.556776556776557,2063,12595.74945054945,3438639.6,7.556776556776557,6.373626373626373,3.6556776556776556,41,5,1.1896588860874575,2.1027472527472524,0.1554543017957652,0.7311355311355311,63.055555555555564,49.375,72.91666666666667,60.833333333333336,57.36111111111112,66.77777777777779,62.06944444444446,MEDIUM,AGENT_EXPANSION,Current indicators do not show a major relative expansion gap.,Review additional agent coverage to support transaction demand and service workload.
LOC0074,Chattogram,Urban,55.54,22.25,39.98,20572,271,5.328413284132841,1444,8319.733542435424,2254647.79,5.328413284132841,4.785977859778598,3.0332103321033212,38,5,1.1086891583201546,1.7723247232472326,0.1259467857836473,0.6066420664206642,13.055555555555555,37.916666666666664,57.91666666666667,35.27777777777778,25.22222222222222,33.22222222222223,29.222222222222225,LOW,MONITOR_CURRENT_COVERAGE,Current indicators do not show a major relative expansion gap.,Maintain current coverage and continue monitoring demand and utilization.
LOC0075,Rangpur,Suburban,92.62,14.45,48.82,30741,273,7.989010989010989,2181,11934.421098901099,3258096.96,7.989010989010989,6.78021978021978,4.472527472527473,46,7,1.176452952826579,1.804613640327926,0.14739608217869088,0.6389324960753532,64.72222222222221,31.875,46.66666666666667,47.77777777777778,49.888888888888886,55.80555555555555,52.847222222222214,MEDIUM,MONITOR_CURRENT_COVERAGE,Current indicators do not show a major relative expansion gap.,Maintain current coverage and continue monitoring demand and utilization.
LOC0076,Khulna,Urban,83.18,26.91,80.25,13394,273,7.0,1911,11658.384908424909,3182739.08,7.0,6.124542124542124,4.230769230769231,48,7,1.1520778163635306,1.6604744461887317,0.12759462759462759,0.6043956043956044,53.888888888888886,19.583333333333336,35.833333333333336,61.666666666666664,40.94444444444444,47.44444444444444,44.19444444444444,LOW,MONITOR_CURRENT_COVERAGE,Current indicators do not show a major relative expansion gap.,Maintain current coverage and continue monitoring demand and utilization.
LOC0077,Rajshahi,Rural,55.67,37.16,85.71,11411,273,8.406593406593407,2295,13315.190256410257,3635046.94,8.406593406593407,6.553113553113553,3.4175824175824174,45,4,1.294619930334216,2.4832112332112333,0.14562474562474562,0.8543956043956044,77.77777777777779,56.45833333333333,84.79166666666666,60.0,67.47222222222223,78.80555555555556,73.13888888888889,HIGH,MERCHANT_AND_AGENT_EXPANSION,"Priority driven by high transaction demand, high agent coverage pressure.",Review this location for both merchant acquisition and additional agent coverage.
LOC0078,Chattogram,Suburban,81.81,40.37,33.43,26389,273,7.106227106227106,1940,10707.569926739927,2923166.59,7.106227106227106,6.249084249084249,3.706959706959707,54,5,1.1412300154058395,1.9414529914529914,0.11572378239044906,0.7413919413919414,51.111111111111114,12.5,65.0,52.5,35.80555555555556,56.80555555555556,46.30555555555556,LOW,MONITOR_CURRENT_COVERAGE,Current indicators do not show a major relative expansion gap.,Maintain current coverage and continue monitoring demand and utilization.
LOC0079,Sylhet,Rural,80.94,68.04,39.02,11562,273,8.113553113553113,2215,11771.040915750915,3213494.17,8.113553113553113,6.73992673992674,5.483516483516484,46,12,1.2093273535581228,1.4830775045060758,0.14652014652014653,0.45695970695970695,66.66666666666667,41.04166666666667,7.708333333333334,64.86111111111111,56.236111111111114,42.902777777777786,49.56944444444445,MEDIUM,MONITOR_CURRENT_COVERAGE,Current indicators do not show a major relative expansion gap.,Maintain current coverage and continue monitoring demand and utilization.
LOC0080,Rangpur,Urban,51.18,34.92,31.82,20647,273,6.205128205128205,1694,9773.512967032968,2668169.04,6.205128205128205,5.3003663003663,3.6483516483516483,39,6,1.1719926898498325,1.7372405372405373,0.13590682821452052,0.608058608058608,34.72222222222222,47.291666666666664,47.291666666666664,37.49999999999999,40.02777777777778,40.02777777777778,40.02777777777778,LOW,MONITOR_CURRENT_COVERAGE,Current indicators do not show a major relative expansion gap.,Maintain current coverage and continue monitoring demand and utilization.
LOC0081,Mymensingh,Suburban,38.13,55.41,53.19,10408,272,6.091911764705882,1657,9114.700772058823,2479198.61,6.091911764705882,4.911764705882353,3.4816176470588234,30,6,1.256076654146507,1.7655637254901961,0.16372549019607843,0.5802696078431372,29.166666666666668,84.16666666666667,49.791666666666664,50.27777777777778,53.277777777777786,39.52777777777778,46.402777777777786,LOW,MONITOR_CURRENT_COVERAGE,Priority driven by high merchant coverage pressure.,Maintain current coverage and continue monitoring demand and utilization.
LOC0082,Khulna,Suburban,76.98,11.84,71.49,24541,273,9.36996336996337,2558,14718.24315018315,4018080.38,9.36996336996337,6.318681318681318,3.871794871794872,43,5,1.5095727024298453,2.4675213675213676,0.1469460771786353,0.7743589743589744,89.16666666666667,69.16666666666667,77.91666666666667,51.111111111111114,77.36111111111111,80.86111111111111,79.11111111111111,CRITICAL,MERCHANT_AND_AGENT_EXPANSION,"Priority driven by high transaction demand, high agent coverage pressure.",Review this location for both merchant acquisition and additional agent coverage.
LOC0083,Chattogram,Rural,26.6,46.36,30.54,11562,271,5.793357933579336,1570,9649.44778597786,2615000.35,5.793357933579336,5.236162361623617,2.5461254612546127,43,3,1.1049389007876094,2.265067650676507,0.12177121771217712,0.8487084870848709,28.055555555555557,23.75,87.08333333333333,34.166666666666664,26.944444444444446,52.27777777777778,39.611111111111114,LOW,MONITOR_CURRENT_COVERAGE,Priority driven by high agent coverage pressure.,Maintain current coverage and continue monitoring demand and utilization.
LOC0084,Barishal,Suburban,22.65,44.25,39.77,7499,272,6.540441176470588,1779,9667.304522058825,2629506.83,6.540441176470588,5.209558823529412,3.3529411764705883,35,6,1.2513599758085052,1.9706495098039216,0.14884453781512605,0.5588235294117647,39.44444444444445,77.70833333333334,58.95833333333333,35.55555555555555,54.36111111111112,46.861111111111114,50.611111111111114,MEDIUM,MONITOR_CURRENT_COVERAGE,Priority driven by high merchant coverage pressure.,Maintain current coverage and continue monitoring demand and utilization.
LOC0085,Rangpur,Suburban,64.19,86.2,93.73,14540,273,9.732600732600732,2657,15283.34043956044,4172351.94,9.732600732600732,7.329670329670329,2.7216117216117217,46,3,1.33624411811225,3.6306471306471306,0.15934065934065933,0.9072039072039072,92.22222222222221,56.45833333333333,94.58333333333334,82.5,76.94444444444444,92.19444444444444,84.56944444444444,CRITICAL,MERCHANT_AND_AGENT_EXPANSION,"Priority driven by high transaction demand, high agent coverage pressure, strong structural market indicators.",Review this location for both merchant acquisition and additional agent coverage.
LOC0086,Rangpur,Urban,75.79,32.68,14.37,22113,273,8.476190476190476,2314,13627.291575091576,3720250.6,8.476190476190476,6.937728937728938,4.069597069597069,41,6,1.225810117843085,2.0949328449328446,0.169212900920218,0.6782661782661782,81.94444444444446,58.95833333333333,64.79166666666666,40.83333333333333,68.63888888888889,70.97222222222221,69.80555555555554,HIGH,MERCHANT_AND_AGENT_EXPANSION,Priority driven by high transaction demand.,Review this location for both merchant acquisition and additional agent coverage.
LOC0087,Dhaka,Urban,63.9,31.72,51.47,18671,273,14.787545787545788,4037,23635.618388278388,6452523.82,14.787545787545788,11.296703296703297,4.564102564102564,55,5,1.3158150503547368,3.2487179487179487,0.2053946053946054,0.9128205128205128,99.16666666666667,43.333333333333336,82.91666666666667,50.55555555555555,71.97222222222223,87.80555555555556,79.88888888888889,CRITICAL,MERCHANT_AND_AGENT_EXPANSION,"Priority driven by high transaction demand, high agent coverage pressure.",Review this location for both merchant acquisition and additional agent coverage.
LOC0088,Rajshahi,Suburban,68.03,61.16,74.04,16761,273,5.8388278388278385,1594,9217.79315018315,2516457.53,5.8388278388278385,4.593406593406593,3.597069597069597,30,6,1.2912814698528985,1.6364468864468864,0.1531135531135531,0.5995115995115995,26.111111111111114,87.08333333333334,41.875,72.5,55.13888888888889,37.05555555555556,46.09722222222223,LOW,MONITOR_CURRENT_COVERAGE,Priority driven by high merchant coverage pressure.,Maintain current coverage and continue monitoring demand and utilization.
LOC0089,Barishal,Suburban,75.05,15.39,23.54,21795,273,7.794871794871795,2128,12301.24,3358238.52,7.791208791208791,6.366300366300366,4.241758241758242,47,8,1.2367274260131402,1.8782574568288855,0.13545319928298652,0.5302197802197802,63.47222222222222,43.125,42.08333333333333,33.61111111111111,52.34722222222223,51.93055555555556,52.13888888888889,MEDIUM,MONITOR_CURRENT_COVERAGE,Current indicators do not show a major relative expansion gap.,Maintain current coverage and continue monitoring demand and utilization.
LOC0090,Barishal,Urban,117.52,45.58,14.26,42233,273,6.743589743589744,1841,10399.04956043956,2838940.53,6.743589743589744,5.6923076923076925,4.230769230769231,47,9,1.2001958359101217,1.6241409384266527,0.12111292962356793,0.4700854700854701,44.444444444444436,35.625,21.25,52.77777777777777,41.74999999999999,35.99999999999999,38.87499999999999,LOW,MONITOR_CURRENT_COVERAGE,Current indicators do not show a major relative expansion gap.,Maintain current coverage and continue monitoring demand and utilization.
LOC0091,Khulna,Rural,86.04,14.75,22.44,21662,273,9.901098901098901,2703,15752.380549450549,4300399.89,9.901098901098901,7.666666666666667,5.967032967032967,38,13,1.301353540639255,1.6683143576000719,0.2017543859649123,0.45900253592561285,93.33333333333333,75.41666666666666,17.083333333333332,36.388888888888886,80.47222222222221,57.138888888888886,68.80555555555554,HIGH,MERCHANT_EXPANSION,"Priority driven by high transaction demand, high merchant coverage pressure.",Review merchant acquisition opportunities while maintaining current agent coverage.
LOC0092,Barishal,Rural,84.57,109.89,92.69,15616,273,14.238095238095237,3887,22433.965641025643,6124472.62,14.238095238095237,10.648351648351648,5.010989010989011,56,6,1.3375499137019737,2.8635531135531136,0.190149136577708,0.8351648351648352,98.33333333333333,44.16666666666667,73.95833333333333,89.02777777777777,75.7361111111111,87.65277777777777,81.69444444444443,CRITICAL,MERCHANT_AND_AGENT_EXPANSION,"Priority driven by high transaction demand, strong structural market indicators.",Review this location for both merchant acquisition and additional agent coverage.
LOC0093,Barishal,Urban,61.31,28.81,10.83,14912,266,4.003759398496241,1065,6143.381127819548,1634139.38,4.0,3.443609022556391,2.661654135338346,30,6,1.1743376297887578,1.5535087719298246,0.11478696741854637,0.44360902255639095,0.8333333333333334,66.25,37.291666666666664,29.722222222222218,29.88888888888889,18.305555555555554,24.09722222222222,LOW,MONITOR_CURRENT_COVERAGE,Current indicators do not show a major relative expansion gap.,Maintain current coverage and continue monitoring demand and utilization.
LOC0094,Khulna,Suburban,62.66,13.95,26.95,15439,268,4.373134328358209,1172,6556.9608955223885,1757265.52,4.373134328358209,4.041044776119403,2.7276119402985075,39,4,1.0775349443259892,1.5867537313432836,0.10361653272101033,0.6819029850746269,2.2222222222222223,32.291666666666664,52.29166666666667,29.16666666666667,16.944444444444443,24.94444444444445,20.944444444444446,LOW,MONITOR_CURRENT_COVERAGE,Current indicators do not show a major relative expansion gap.,Maintain current coverage and continue monitoring demand and utilization.
LOC0095,Mymensingh,Urban,48.66,26.77,12.82,9460,269,4.669144981412639,1256,7171.213420074349,1929056.41,4.66542750929368,3.940520446096654,2.3345724907063197,33,3,1.1930326901516493,1.995662949194548,0.11940971048777739,0.7781908302354399,3.3333333333333335,68.75,79.16666666666666,23.333333333333332,31.5,35.666666666666664,33.58333333333333,LOW,MONITOR_CURRENT_COVERAGE,Priority driven by high agent coverage pressure.,Maintain current coverage and continue monitoring demand and utilization.
LOC0096,Rajshahi,Rural,66.86,45.76,19.96,12408,273,8.461538461538462,2310,13076.254542124543,3569817.49,8.461538461538462,6.575091575091575,4.131868131868132,44,7,1.3059263792780276,2.0776033490319206,0.14943389943389943,0.5902668759811618,78.05555555555556,60.41666666666667,56.25,45.55555555555555,67.75,66.08333333333333,66.91666666666666,HIGH,MERCHANT_EXPANSION,Priority driven by high transaction demand.,Review merchant acquisition opportunities while maintaining current agent coverage.
LOC0097,Chattogram,Urban,25.69,54.31,65.81,9965,273,8.252747252747254,2253,12758.417838827838,3483048.07,8.252747252747254,6.7032967032967035,4.52014652014652,45,8,1.239878456911424,1.8478763300191872,0.14896214896214896,0.565018315018315,71.66666666666667,50.625,40.833333333333336,51.38888888888889,61.22222222222223,57.30555555555556,59.26388888888889,MEDIUM,MONITOR_CURRENT_COVERAGE,Current indicators do not show a major relative expansion gap.,Maintain current coverage and continue monitoring demand and utilization.
LOC0098,Rangpur,Rural,117.82,83.45,31.75,24781,273,5.589743589743589,1526,8599.87347985348,2347765.46,5.589743589743589,5.054945054945055,2.978021978021978,46,4,1.1100370528941956,1.885836385836386,0.10989010989010989,0.7445054945054945,19.444444444444443,17.708333333333332,69.375,69.72222222222221,23.777777777777775,44.44444444444444,34.11111111111111,LOW,MONITOR_CURRENT_COVERAGE,Current indicators do not show a major relative expansion gap.,Maintain current coverage and continue monitoring demand and utilization.
LOC0099,Rangpur,Rural,30.73,24.45,61.23,13409,273,7.6300366300366305,2083,11371.021758241757,3104288.94,7.6300366300366305,6.351648351648351,4.355311355311355,40,8,1.1983671497407762,1.7719431362288507,0.15879120879120878,0.5444139194139194,58.88888888888889,53.958333333333336,36.66666666666667,35.55555555555556,54.58333333333334,47.66666666666667,51.12500000000001,MEDIUM,MONITOR_CURRENT_COVERAGE,Current indicators do not show a major relative expansion gap.,Maintain current coverage and continue monitoring demand and utilization.
LOC0100,Chattogram,Rural,85.94,62.91,63.12,16827,273,8.443223443223443,2305,13243.54021978022,3615486.48,8.443223443223443,6.252747252747253,4.802197802197802,38,10,1.366057121551627,1.793149311006454,0.164545980335454,0.4802197802197802,78.6111111111111,80.0,29.583333333333336,74.72222222222221,78.77777777777777,58.61111111111111,68.69444444444444,HIGH,MERCHANT_EXPANSION,"Priority driven by high transaction demand, high merchant coverage pressure.",Review merchant acquisition opportunities while maintaining current agent coverage.
LOC0101,Barishal,Urban,109.58,9.22,86.45,16668,273,7.468864468864469,2039,11770.950732600731,3213469.55,7.468864468864469,6.271062271062271,4.267399267399267,43,7,1.195890434351973,1.7563666492237922,0.14583865746656444,0.6096284667713239,58.05555555555555,45.41666666666667,42.5,59.166666666666664,53.11111111111111,51.944444444444436,52.52777777777777,MEDIUM,MONITOR_CURRENT_COVERAGE,Current indicators do not show a major relative expansion gap.,Maintain current coverage and continue monitoring demand and utilization.
LOC0102,Chattogram,Rural,85.82,17.51,10.43,27748,271,4.771217712177122,1293,7650.682767527675,2073335.03,4.771217712177122,4.2988929889298895,3.254612546125461,35,8,1.1083582264394072,1.4971446143032858,0.12282551396942541,0.40682656826568264,5.277777777777778,45.625,20.833333333333332,32.22222222222222,24.11111111111111,14.194444444444446,19.15277777777778,LOW,MONITOR_CURRENT_COVERAGE,Current indicators do not show a major relative expansion gap.,Maintain current coverage and continue monitoring demand and utilization.
LOC0103,Barishal,Urban,171.19,12.13,86.8,57825,271,4.715867158671586,1278,7283.837638376383,1973920.0,4.715867158671586,3.774907749077491,2.970479704797048,24,7,1.2700052714812862,1.6274907749077492,0.1572878228782288,0.4243542435424354,4.166666666666666,88.33333333333334,34.583333333333336,65.0,43.91666666666667,22.416666666666668,33.16666666666667,LOW,MONITOR_CURRENT_COVERAGE,Priority driven by high merchant coverage pressure.,Maintain current coverage and continue monitoring demand and utilization.
LOC0104,Dhaka,Urban,11.01,21.29,65.72,4866,272,5.805147058823529,1579,8742.705367647059,2378015.86,5.805147058823529,5.106617647058823,3.6801470588235294,38,6,1.1386923329938037,1.5902573529411765,0.13438467492260062,0.6133578431372549,23.055555555555557,44.583333333333336,39.375,30.833333333333332,32.44444444444445,30.36111111111111,31.40277777777778,LOW,MONITOR_CURRENT_COVERAGE,Current indicators do not show a major relative expansion gap.,Maintain current coverage and continue monitoring demand and utilization.
LOC0105,Barishal,Suburban,39.74,61.13,24.65,8981,273,8.175824175824175,2232,13229.49164835165,3611651.22,8.175824175824175,6.981684981684982,3.326007326007326,46,4,1.1736716071880906,2.5067155067155067,0.15177576047141264,0.8315018315018315,73.8888888888889,30.625,85.20833333333334,40.55555555555555,53.25000000000001,75.08333333333334,64.16666666666667,MEDIUM,AGENT_EXPANSION,Priority driven by high agent coverage pressure.,Review additional agent coverage to support transaction demand and service workload.
LOC0106,Barishal,Urban,108.55,24.89,79.56,18896,273,7.2344322344322345,1975,11689.531282051283,3191242.04,7.2344322344322345,6.065934065934066,3.7435897435897436,37,6,1.2012318369461228,1.9486568986568986,0.16394416394416395,0.6239316239316239,55.833333333333336,63.75,58.125,63.61111111111111,59.777777777777786,57.527777777777786,58.652777777777786,MEDIUM,MONITOR_CURRENT_COVERAGE,Current indicators do not show a major relative expansion gap.,Maintain current coverage and continue monitoring demand and utilization.
LOC0107,Barishal,Rural,22.01,28.45,86.99,8073,273,5.981684981684982,1633,9255.640146520145,2526789.76,5.981684981684982,5.018315018315018,3.4542124542124544,36,5,1.2038770753056467,1.7446275946275944,0.13939763939763938,0.6908424908424908,29.166666666666668,67.08333333333334,55.833333333333336,42.77777777777777,45.69444444444445,41.19444444444445,43.44444444444445,LOW,MONITOR_CURRENT_COVERAGE,Current indicators do not show a major relative expansion gap.,Maintain current coverage and continue monitoring demand and utilization.
LOC0108,Rangpur,Rural,31.37,46.57,32.88,9810,271,5.870848708487085,1591,8795.709704797047,2383637.33,5.870848708487085,5.387453874538745,3.5719557195571956,48,6,1.093955501243324,1.6566420664206642,0.11223862238622385,0.5953259532595326,24.444444444444446,8.333333333333334,42.291666666666664,37.77777777777778,19.333333333333336,32.91666666666667,26.125000000000004,LOW,MONITOR_CURRENT_COVERAGE,Current indicators do not show a major relative expansion gap.,Maintain current coverage and continue monitoring demand and utilization.
LOC0109,Khulna,Urban,72.35,52.86,92.69,14927,271,5.361623616236162,1453,8300.891254612547,2249541.5300000003,5.361623616236162,4.804428044280443,1.8413284132841328,42,2,1.1095731963813145,2.907749077490775,0.11439114391143912,0.9206642066420664,13.055555555555557,28.125,95.0,77.3611111111111,25.51388888888889,52.263888888888886,38.888888888888886,LOW,MONITOR_CURRENT_COVERAGE,"Priority driven by high agent coverage pressure, strong structural market indicators.",Maintain current coverage and continue monitoring demand and utilization.
LOC0110,Rangpur,Rural,55.13,29.08,50.9,9135,270,4.2444444444444445,1146,6675.933,1802501.91,4.2444444444444445,3.8518518518518516,2.7962962962962963,38,7,1.0982554379776601,1.5112962962962964,0.10136452241715399,0.3994708994708995,1.9444444444444446,36.25,27.916666666666668,42.77777777777778,19.75,16.416666666666668,18.083333333333336,LOW,MONITOR_CURRENT_COVERAGE,Current indicators do not show a major relative expansion gap.,Maintain current coverage and continue monitoring demand and utilization.
LOC0111,Rajshahi,Urban,69.79,17.42,64.31,18379,273,6.388278388278389,1744,10391.037582417583,2836753.2600000002,6.388278388278389,5.633699633699634,4.241758241758242,43,9,1.1373922373922374,1.5217599860457003,0.13101627055115428,0.4713064713064713,38.05555555555555,30.833333333333336,15.416666666666668,49.02777777777777,36.263888888888886,30.09722222222222,33.18055555555556,LOW,MONITOR_CURRENT_COVERAGE,Current indicators do not show a major relative expansion gap.,Maintain current coverage and continue monitoring demand and utilization.
LOC0112,Barishal,Suburban,57.98,99.15,98.62,22703,273,12.183150183150182,3326,19331.608791208793,5277529.2,12.179487179487179,9.432234432234432,5.677655677655678,57,8,1.2941865916171023,2.1650968079539505,0.16547779705674442,0.7097069597069597,95.83333333333333,39.58333333333333,53.333333333333336,80.55555555555556,71.80555555555556,77.30555555555556,74.55555555555556,CRITICAL,MERCHANT_AND_AGENT_EXPANSION,"Priority driven by high transaction demand, strong structural market indicators.",Review this location for both merchant acquisition and additional agent coverage.
LOC0113,Sylhet,Urban,61.18,29.22,42.54,19098,273,6.769230769230769,1848,10480.27673992674,2861115.55,6.769230769230769,5.772893772893773,4.395604395604396,42,9,1.1680077858649287,1.5543171114599685,0.137449851735566,0.48840048840048844,45.27777777777777,38.125,17.916666666666664,42.77777777777777,42.166666666666664,34.08333333333333,38.125,LOW,MONITOR_CURRENT_COVERAGE,Current indicators do not show a major relative expansion gap.,Maintain current coverage and continue monitoring demand and utilization.
LOC0114,Khulna,Rural,33.47,31.34,83.18,10493,273,9.007326007326007,2459,13780.770036630038,3762150.22,9.007326007326007,7.633699633699634,3.6666666666666665,53,5,1.1788821475634663,2.476129426129426,0.14403206856037046,0.7333333333333333,84.72222222222221,23.541666666666668,78.33333333333334,48.055555555555564,56.58333333333333,78.5,67.54166666666666,HIGH,AGENT_EXPANSION,"Priority driven by high transaction demand, high agent coverage pressure.",Review additional agent coverage to support transaction demand and service workload.
LOC0115,Sylhet,Urban,60.02,34.18,38.66,10662,273,11.831501831501832,3230,18576.08659340659,5071271.64,11.831501831501832,8.87912087912088,5.695970695970696,45,9,1.3426444841280007,2.099784871213443,0.19731379731379733,0.6328856328856329,95.0,60.625,45.416666666666664,43.61111111111111,76.11111111111111,70.02777777777779,73.06944444444446,HIGH,MERCHANT_AND_AGENT_EXPANSION,Priority driven by high transaction demand.,Review this location for both merchant acquisition and additional agent coverage.
LOC0116,Sylhet,Urban,41.48,56.46,81.93,9765,273,8.31868131868132,2271,12907.679413919413,3523796.48,8.31868131868132,7.153846153846154,3.7472527472527473,53,5,1.166619837224233,2.253052503052503,0.13497822931785197,0.7494505494505495,73.61111111111111,16.458333333333336,75.83333333333334,60.27777777777778,49.41666666666667,73.16666666666669,61.29166666666668,MEDIUM,AGENT_EXPANSION,Priority driven by high agent coverage pressure.,Review additional agent coverage to support transaction demand and service workload.
LOC0117,Dhaka,Suburban,45.11,11.29,64.07,10835,271,5.531365313653136,1499,9229.457638376383,2501183.02,5.531365313653136,4.900369003690037,3.5461254612546127,41,6,1.1280328322763749,1.5666666666666667,0.11952119521195212,0.5910209102091021,21.666666666666668,34.375,38.125,34.44444444444444,28.02777777777778,29.52777777777778,28.77777777777778,LOW,MONITOR_CURRENT_COVERAGE,Current indicators do not show a major relative expansion gap.,Maintain current coverage and continue monitoring demand and utilization.
LOC0118,Chattogram,Rural,85.27,122.58,29.47,27830,272,5.172794117647059,1407,7902.092500000001,2149369.16,5.169117647058823,4.632352941176471,3.547794117647059,38,8,1.1176032913165266,1.470343137254902,0.12190402476780186,0.44347426470588236,10.555555555555555,39.583333333333336,19.583333333333332,66.66666666666667,27.777777777777782,19.77777777777778,23.77777777777778,LOW,MONITOR_CURRENT_COVERAGE,Current indicators do not show a major relative expansion gap.,Maintain current coverage and continue monitoring demand and utilization.
LOC0119,Chattogram,Rural,21.21,30.73,47.26,9769,272,6.224264705882353,1693,9408.060147058823,2558992.36,6.224264705882353,5.110294117647059,3.6066176470588234,42,6,1.217918682624565,1.7513480392156864,0.12167366946778711,0.6011029411764706,33.888888888888886,53.54166666666667,48.95833333333333,30.277777777777775,41.38888888888889,39.55555555555555,40.47222222222222,LOW,MONITOR_CURRENT_COVERAGE,Current indicators do not show a major relative expansion gap.,Maintain current coverage and continue monitoring demand and utilization.
LOC0120,Dhaka,Rural,7.66,57.68,38.59,5492,273,8.428571428571429,2301,13625.28315018315,3719702.3,8.421245421245422,7.241758241758242,4.783882783882784,55,8,1.1727391655963084,1.778205128205128,0.13166833166833167,0.597985347985348,78.8888888888889,18.333333333333332,37.5,37.22222222222222,50.50000000000001,58.16666666666667,54.33333333333334,MEDIUM,MONITOR_CURRENT_COVERAGE,Priority driven by high transaction demand.,Maintain current coverage and continue monitoring demand and utilization.
